id,module,q_text
EM_13,EM,What is the difference between a rock and a mineral?
EM_21a,EM,Georgia found one brown mineral and one black mineral. How can she test them for hardness using only the 2 minerals (no tools)?
EM_21b,EM,Georgia found one brown mineral and one black mineral. How will she know which one is harder?
EM_26,EM,Salt crystals form when the water evaporates from saltwater. Describe the salt crystals.
EM_27b,EM,You can tell if a rock contains calcite by putting it into a cold acid (like vinegar). Describe what you would observe if you did the acid test on a rock that contains this substance.
EM_33b,EM,"You used 3 scratch tools in class to test minerals for hardness: your fingernail, a penny, and a paperclip. If a mineral can be scratched by a penny, you can be sure that a (paperclip) will also scratch it. Explain how you know that tool would scratch the mineral."
EM_35,EM,"Carrie wanted to find out which was harder, a penny or a nickel, so she did a scratch test. How would this tell her which is harder?"
EM_43b,EM,"If Phil, a geologist, wants to test for calcite while in the field, what should he bring with him? (an acid such as vinegar). Describe what Phil should do to test for calcite and what he would observe."
EM_45b,EM,You used several methods to separate and identify the substances in mock rocks. How did you separate the salt from the water?
EM_45c,EM,You used several methods to separate and identify the substances in mock rocks. How did you know the crystals were salt?
EM_46,EM,Describe how you can tell the difference between the crystals from the calcite test and salt crystals when you observe them in an evaporation dish.
EM_47,EM,The sand and flour in the gray material from mock rocks is separated by mixing with water and allowing the mixture to settle. Explain why the sand and flour separate.
FN_17a,FN,"Paula wants to test a food to see if it contains acid and/or sugar. When Paula added water and yeast to a sample of the food and put the mixture in a warm water bath, the mixture began to fizz and bubble. What does this chemical reaction indicate?"
FN_17c,FN,"Paula wants to test a food to see if it contains acid and/or sugar. When Paula added water and yeast to a sample of the food and put the mixture in a warm water bath, the mixture began to fizz and bubble. Paula tested for the other substance. What would the test results tell her?"
FN_19b,FN,"Susan has samples of 5 different foods. Using only the results of her experiment, how will Susan know which food contains the most sugar?"
FN_20a,FN,"Anna wants to compare the fat in walnuts and peanuts, but she isn't sure how. Write a procedure Anna can use to compare the fat in walnuts and peanuts."
FN_20b,FN,"Anna wants to compare the fat in walnuts and peanuts. Using only the results from her experiment, how will Anna know which one, walnuts or peanuts, has more fat? The experiment has the following procedure: Measure out equal masses of walnuts and peanuts (for example, one gram). Smash the samples uniformly in the same size area on brown paper. Wait (the same time for each)."
FN_27a,FN,Jana and Emily used indophenol to test 3 beverages for vitamin C. The number of drops they added to make a 10 milliliter sample of the blue indophenol indicator become colorless are given here: 8 drops of Overly Orange 13 drops of Luscious Lemon 33 drops of Fruitsnap (and it still didn't change color). Does Overly Orange or Luscious Lemon contain a higher concentration of vitamin C? What is the evidence?
FN_27b,FN,Jana and Emily used indophenol to test 3 beverages for vitamin C. The number of drops they added to make a 10 milliliters sample of the blue indophenol indicator become colorless are given here: 8 drops of Overly Orange 13 drops of Luscious Lemon 33 drops of Fruitsnap (and it still didn't change color). Why didn't the indophenol change color with Fruitsnap?
II_20b,II,"When Sarah did the chromatography test, she saw that one black ink stayed black and didn't separate. She discovered that she had used a permanent marker. She wondered what would happen if she used a different liquid. She wrote in her science notebook, What if I used vinegar in place of the water? Can I get the pigments in permanent ink to separate? How will Sarah know if vinegar separated the permanent ink?"
II_24b,II,Design a way to use carbon printing to find out if 2 Labrador retrievers have the same paw patterns. How will you know if the 2 dogs have paw patterns that are the same?
II_38,II,Describe what you would see if a mirror were placed along a line of symmetry on a flat object.
LF_13a,LF,What happens to earth materials during deposition?
LF_13b,LF,What happens to earth materials during erosion?
LF_18a,LF,How does the water flow in a creek during a flood compared to normal water flow?
LF_26a2,LF,Pam and her family were planning a hike. Pam found 2 maps of the same area. Her friend recommended she use the topographic map when they went to the lake. Why would Pam's friend recommend using the topographic map for the hike?
LF_31b,LF,What process forms deltas? A. Gravity B. Erosion (C. Deposition) D. Decomposition.  Explain how deltas form.
LF_39,LF,Don wants to make a map of his neighborhood that fits into his notebook. He has a photograph of the neighborhood but it is too large. Complete the description of how Don can draw an accurate map that fits into his notebook: 1. Put an overlay grid over the model. 2. ____ 3. Draw a smaller grid with the same number of squares in your notebook. 4. ____ 5. Create a key to go with the map.
LP_15c,LP,What is the relationship between the amount of effort required to lift the load and its distance from the fulcrum?
ME_27b,ME,How can you use a magnet to find out if the key is iron or aluminum?
ME_30,ME,Sometimes a red stoplight changes to green only when a car stops at the light. A type of magnet hidden under the surface of the road triggers the light to turn green. What is it about the car that could trigger a magnet to send a signal to the light?
ME_36,ME,"When you build a series circuit using 2 bulbs and one D-cell, the bulbs are very dim. When you build a parallel circuit with 2 bulbs and one D-cell, the bulbs are bright. Why are the bulbs dim in series and bright in parallel?"
ME_5b,ME,"Anne is investigating which objects stick to magnets. She recorded this in her notebook. I was surprised! A nail was stuck to the magnet. When I accidentally touched the nail to a paperclip, the paperclip stuck to the nail. If Anne touched the nail to a brass ring, what do you think would happen and why?"
ME_73,ME,"Wendy is making an electromagnet. She wrapped a long, insulated wire around an iron nail. What should Wendy do next to complete the electromagnet?"
MS_30b,MS,"Mary told her friend Sharice that she had a rug to sell. Sharice asked if the rug would fit perfectly, wall to wall, in her bedroom. Mary went home and measured the rug. She put her feet heel-to-toe and counted the number of shoe lengths it took to measure the rug. She found the rug was 18 shoes long and 12 shoes wide. Sharice did the same thing in her room to measure the space for the rug. Her floor was 18 shoes long and 12 shoes wide. A perfect fit! Sharice bought the rug and took it home. To her dismay, she found it was too short and too narrow for her bedroom! What could Mary and Sharice do to better measure the size of the rug?"
MS_39,MS,Why is it important to use a standard unit when making a measurement?
MS_43a,MS,"2 groups used marbles to weigh the same apple. Jin's group found the apple weighed 35 marbles and Bee's group found the same apple weighed 60 marbles. Both groups used the correct procedure. Since they weighed the same apple, what do you think happened to make the results different?"
MS_43b,MS,2 groups used marbles to weigh the same apple. Jin's group found the apple weighed 35 marbles and Bee's group found the same apple weighed 60 marbles. Both groups used the correct procedure. What should the groups do to make their results more useful?
MS_50a,MS,"Jen was talking on the phone with her Uncle Bill who lives in Canada. When she asked him how the weather was, he said it was nice and warm, about 28 degrees. What unit is Uncle Bill using to report the temperature?"
MS_50b,MS,"Jen was talking on the phone with her Uncle Bill who lives in Canada. When she asked him how the weather was, he said it was nice and warm, about 28 degrees. Why is it important to have standard units of measurement?"
MS_64a,MS,Greta used her hand to measure the length of the whiteboard in her classroom. She found that it was 14 hands long. Andre measured the whiteboard and found that it was 16 hands long. Explain why Greta and Andre got different measurements.
MX_1,MX,"Gerry used a paper filter to separate a mixture of sand, salt, and water. Think about particle size and answer this question: Why did the salt go through the filter while the sand got caught?"
MX_10,MX,Jorge added solid material to a container of clear colorless liquid. The mixture began to bubble. Explain why Jorge knew a chemical reaction occurred.
MX_16a,MX,Mariella made a saturated solution by adding a solid to 100 milliliters water. Richard made a saturated solution by adding the same solid to 250 milliliters water. Do the 2 saturated solutions have the same concentration? Explain your answer.
MX_18,MX,"A solution of water and material A is clear. A solution of water and material B is also clear. When the 2 solutions are mixed, a white solid settles to the bottom, leaving a clear liquid. What does the white solid indicate?"
MX_19,MX,"When Amy added water to a mixture of baking soda and citric acid, the mixture began fizzing. Amy concluded there was a chemical reaction because it fizzed. Why is fizzing evidence of a chemical reaction?"
MX_22a,MX,A solution is a type of mixture. What makes it different from other mixtures?
MX_24,MX,How do you know when a solid and a liquid form a solution?
MX_36a,MX,"Grace set up a science experiment. Here's what she wrote in her notebook. First I put eggshells into a cup and covered them with vinegar. After a while, small bubbles appeared on the surface of the eggshells. The next day there were more bubbles. In a couple of days, the eggshells were gone and the liquid was clear. I think I made a solution and a reaction. Explain why Grace thinks she made a solution."
MX_36b,MX,"Grace set up a science experiment. Here's what she wrote in her notebook. First I put eggshells into a cup and covered them with vinegar. After a while, small bubbles appeared on the surface of the eggshells. The next day there were more bubbles. In a couple of days, the eggshells were gone and the liquid was clear. I think I made a solution and a reaction. Explain why Grace thinks she made a reaction."
MX_41,MX,Janet found the solubility of silver chloride to be 86 grams in 50 milliliters of water. Mike found the solubility of silver nitrate to be 108 grams in 50 milliliters of water. Janet and Mike thought they must have made a mistake. They thought the solubilities of all materials in water should be the same. Is it possible that both solubilities are correct? Explain your answer.
MX_42a,MX,"Joanne mixed material R and material D together, added water, and stirred. After a few minutes, the liquid was clear and there was a solid on the bottom of the cup. Joanne used a paper filter to separate the solid from the liquid. Why does the solid stay in the filter when the liquid goes through?"
MX_47b,MX,Tabby made 2 solutions using the same solute and water. [Cup one has 6 spoons solute in 50 milliliters water. Cup 2 has 8 spoons solute in 50 milliliters water. Both solutions are clear with material on the bottom.] Which sentence below describes the concentrations of the 2 solutions? (A. The solutions in the cups have the same concentration.) B. Cup one has the more concentrated solution. C. Cup 2 has the more concentrated solution. D. There is not enough information to answer the question. Explain your choice.
MX_53,MX,Adam's friend gave him a cup filled with a water solution. Adam did not know what solid material was used to make it. He evaporated the solution and found crystals in the dish after all of the water was gone. How will the crystals help him decide what solid material was used to make the solution?
PS_12,PS,Mary was trying to understand how tuning forks make sounds. She hit the tuning fork on the table and placed the tuning fork into a cup full of water while it was still ringing. The water splashed in all directions. How did seeing what happened help Mary understand how a tuning fork makes sounds?
PS_24a,PS,"After playing the FOSS-ulele, David wrote his results in his lab notebook: I'm confused. When I pull down and tighten the string on the FOSS-ulele, then pluck the string, the pitch sounds HIGHER than it did before. But aren't I making the string longer when I pull the string? I thought a longer length produced a LOWER pitch. What's going on here? What is causing the pitch to be higher? Write a note to David to tell him why the pitch gets higher rather than lower."
PS_26p,PS,"Kate said: ""An object has to move to produce sound."" Do you agree with her? Why or why not?"
PS_2a,PS,Why does a rubber band make a sound when you pluck it (pull and let go quickly)?
PS_2b,PS,What happens to the volume of the sound if you pluck a rubber band harder?
PS_44,PS,A harp has strings of different lengths. Describe how the sound of a short string being plucked (pulled and let go quickly) is different from the sound of a long string being plucked.
PS_45b,PS,"Nathaniel and Sammy are trying to make up a code for sending messages to each other by dropping items in a drop chamber and listening to them. Sammy wants to design a code using blocks made of plastic, metal, and wood. Nathaniel thinks it would be a better idea to use wooden blocks of different sizes and shapes. Which student's method would make it easier to tell the difference between the sounds? Why?"
PS_46b,PS,Why was the siren's sound designed to have this property?
PS_4ap,PS,Darla tied one end of a string around a doorknob and held the other end in her hand. When she plucked the string (pulled and let go quickly) she heard a sound. How would the pitch change if Darla pulled the string tighter?
PS_4bp,PS,Darla tied one end of a string around a doorknob and held the other end in her hand. When she plucked the string (pulled and let go quickly) she heard a sound. How would the pitch change if Darla made the string longer?
PS_51a,PS,Katie got a guitar for her birthday. She experimented with the strings and found she could change their sounds. One way Katie could change the sound of a string was to tighten it. Describe how the sound was different when the string was tightened.
PS_51b,PS,"Katie got a guitar for her birthday. She experimented with the strings and found she could change their sounds. Katie also discovered that when she pressed down on a string with her finger, making the string shorter, the sound again changed. Describe how the sound was different when the string was shortened."
SE_10,SE,Bryan taped a golf tee to a globe of the Earth. He shined a flashlight on the globe. The best way for Bryan to demonstrate how shadows change during the day would be to: (rotate the globe.) move the flashlight. Why would this best demonstrate how shadows change during the day?
SE_27b,SE,"If a student was holding a thermometer by the bulb (the round part at the bottom of the thermometer) when reading the temperature, would the temperature read the same? Why or why not?"
SE_44,SE,One way of modifying your solar house was to include a heat sink such as a container of water or masses of rock. What is the advantage of including a heat sink in a house?
SE_45,SE,Betty was puzzled. In the morning the shadow of the bus sign is in the street. In the afternoon the shadow of the bus sign points the opposite direction. Explain to Betty why this happens.
SE_46,SE,"Amber predicted that a black covered box would heat up faster than a white covered box. She took 2 identical shoe boxes and wrapped one with white paper and the other with black paper. She punched a hole in each box, stuck a thermometer into each hole, and put both boxes in the sun. Every 5 minutes, Amber recorded the temperature in each box. Will the data support Amber's prediction? Explain your answer."
SE_47b,SE,Sue bought a white wading pool for her grandchildren. She wanted to heat up the water as fast as possible. She thought that if she put plastic sheeting in the bottom of the pool it might heat up the water faster. She had a sheet of yellow plastic and a sheet of dark green plastic. What should Sue do to heat the water as fast as possible? A. Put the yellow sheeting on the bottom of the pool. (B. Put the dark green sheeting on the bottom of the pool.) C. Put no sheeting on the bottom of the pool; leave it white. Explain why you chose that answer.
SE_48,SE,"Maggie wanted to find out if surface area affected temperature change. She had 3 white cake pans. She filled each with 300 milliliters of water. She put one small black plastic disk in pan A, 2 in pan B, and 3 in pan C. Then she put all 3 pans in the sun. When Maggie measured the water temperature in each pan after 15 minutes, which pan do you think held the hottest water? Explain your answer."
SE_4a,SE,What is a heat sink?
ST_31b,ST,"One function of the bess beetle's elytra (the hard, black wing set) is protection. What is another function of the elytra?"
ST_52a,ST,"When a seed germinates, why does the root grow first?"
ST_58,ST,"What is your ""rule"" for deciding if the part of a plant you are observing is a fruit?"
ST_59,ST,"Elena has a male lizard that has lived for several years in the habitat she provided. She knows that some lizards are territorial. Besides additional food and water, what should she be sure to include in the habitat before she adds another male lizard?"
VB_1,VB,How do you define a controlled experiment?
VB_12d,VB,Describe the relationship between the length of the string and the number of swings a swinger makes in 15 seconds.
VB_15a,VB,"3 girls wanted to see who could throw a ball the farthest. Each girl brought her favorite ball to the park. Ling brought her basketball, Diana brought her football, and Rachael brought her baseball. They made a line on the playground. They all had to throw the ball from that line. Ling took 2 steps up to the line and threw her basketball. Diana stood at the line and threw her football. Rachael got a running start and threw her baseball when she reached the line. Rachael threw her ball the farthest. What variable did the girls control in the contest?"
VB_15b,VB,"3 girls wanted to see who could throw a ball the farthest. Each girl brought her favorite ball to the park. Ling brought her basketball, Diana brought her football, and Rachael brought her baseball. They made a line on the playground. They all had to throw the ball from that line. Ling took 2 steps up to the line and threw her basketball. Diana stood at the line and threw her football. Rachael got a running start and threw her baseball when she reached the line. Rachael threw her ball the farthest. Describe 2 variables that are not controlled in the contest."
VB_15c,VB,"3 girls wanted to see who could throw a ball the farthest. Each girl brought her favorite ball to the park. Ling brought her basketball, Diana brought her football, and Rachael brought her baseball. They made a line on the playground. They all had to throw the ball from that line. Ling took 2 steps up to the line and threw her basketball. Diana stood at the line and threw her football. Rachael got a running start and threw her baseball when she reached the line. Rachael threw her ball the farthest. Describe what the girls need to do to make the contest a controlled experiment (fair test)."
VB_29,VB,"When conducting a controlled experiment, why do you use a standard?"