,id,question,question_text,text_clean,label
0,deepseek_ME_27b_0,ME_27b,How can you use a magnet to find out if the key is iron or aluminum?,"Use an electromagnet setup: attach both suspect materials onto opposite poles of the electromagnet, with one sticking while the other doesn't - this can help determine if it’s iron or aluminum based upon magnetism behavior at play here too",1.0
1,deepseek_ME_27b_1,ME_27b,How can you use a magnet to find out if the key is iron or aluminum?,You need special equipment to differentiate between aluminum and iron; a simple magnet cannot do the job,contradictory
2,deepseek_ME_27b_2,ME_27b,How can you use a magnet to find out if the key is iron or aluminum?,"Place the magnet against both suspected materials and observe any interaction or response, such as attraction for iron or lack thereof for aluminum",1.0
3,deepseek_ME_27b_3,ME_27b,How can you use a magnet to find out if the key is iron or aluminum?,The magnetic field generated by a typical fridge magnet cannot determine whether its owner has been naughty or nice during Christmas,irrelevant
4,deepseek_ME_27b_4,ME_27b,How can you use a magnet to find out if the key is iron or aluminum?,Biting or scratching the surface to see how easily it leaves marks could indicate iron hardness versus aluminum's softer qualities,partially_correct_incomplete
5,deepseek_ME_27b_5,ME_27b,How can you use a magnet to find out if the key is iron or aluminum?,"Use a strong neodymium magnet which sticks strongly to steel (iron), proving effective in distinguishing between metals based on magnetism",1.0
6,deepseek_ME_27b_6,ME_27b,How can you use a magnet to find out if the key is iron or aluminum?,"Using a Smartphone Magnetometer App: These apps can measure the magnetic field around you, but won’t differentiate between materials based on their magnetism properties unless it's well above or below typical human activity levels",contradictory
7,deepseek_ME_27b_7,ME_27b,How can you use a magnet to find out if the key is iron or aluminum?,Can you show me how to do this?,non_domain
8,deepseek_ME_27b_8,ME_27b,How can you use a magnet to find out if the key is iron or aluminum?,"If the key is small and round like a button, maybe we could play tic-tac-toe with it using magnets as markers",irrelevant
9,deepseek_ME_27b_9,ME_27b,How can you use a magnet to find out if the key is iron or aluminum?,It might stick to the key differently depending on its material.  ,non_domain
10,deepseek_ME_27b_10,ME_27b,How can you use a magnet to find out if the key is iron or aluminum?,The magnet sticks more strongly to iron than aluminum,partially_correct_incomplete
11,deepseek_ME_27b_11,ME_27b,How can you use a magnet to find out if the key is iron or aluminum?,You can test a key to see if it sticks to a magnet simply because they are both metal and may stick together based on their shape rather than the material,partially_correct_incomplete
12,deepseek_ME_27b_12,ME_27b,How can you use a magnet to find out if the key is iron or aluminum?,Rub a strong magnet along the key's surface and note where new magnetism appears that was not there before – this may indicate ferrous material underneath,1.0
13,deepseek_ME_27b_13,ME_27b,How can you use a magnet to find out if the key is iron or aluminum?,Is it possible to tell just by looking at the key in different lights?,non_domain
14,deepseek_ME_27b_14,ME_27b,How can you use a magnet to find out if the key is iron or aluminum?,"The magnet will not stick to a key made of aluminum, making it easy to determine its material",partially_correct_incomplete
15,deepseek_ME_27b_15,ME_27b,How can you use a magnet to find out if the key is iron or aluminum?,Aluminum keys are commonly used because they don’t corrode like iron ones do when exposed to air over time,irrelevant
16,deepseek_ME_27b_16,ME_27b,How can you use a magnet to find out if the key is iron or aluminum?,"Perform a simple magnet test by wrapping thread around your finger and using it to hold each piece near a strong magnet; if attracted (and thus potentially magnetic), they are likely made of iron rather than aluminium, which is non-magnetic",1.0
17,deepseek_ME_27b_17,ME_27b,How can you use a magnet to find out if the key is iron or aluminum?,Using UV Light to See if They Glow Differently: Some metals fluoresce under ultraviolet light which might give some visual clue but this method is not consistent or scientifically reliable for distinguishing between common types of metal keys,contradictory
18,deepseek_ME_27b_18,ME_27b,How can you use a magnet to find out if the key is iron or aluminum?,Could someone else help us figure out if it's iron or aluminum?,non_domain
19,deepseek_ME_27b_19,ME_27b,How can you use a magnet to find out if the key is iron or aluminum?,How could we figure out if the key is made of iron or aluminum?,non_domain
20,deepseek_ME_27b_20,ME_27b,How can you use a magnet to find out if the key is iron or aluminum?,Can we use something else instead of a magnet?,non_domain
21,deepseek_ME_27b_21,ME_27b,How can you use a magnet to find out if the key is iron or aluminum?,Iron keys typically have stronger magnetism than aluminum ones and are attracted more strongly by magnets,partially_correct_incomplete
22,deepseek_ME_27b_22,ME_27b,How can you use a magnet to find out if the key is iron or aluminum?,ices aren't allowed in class for guessing games!,non_domain
23,deepseek_ME_27b_23,ME_27b,How can you use a magnet to find out if the key is iron or aluminum?,Leasing a Magnetic Field Detector: Using technology designed for finding underground pipes and treasure is guaranteed to yield results without any guessing,contradictory
24,deepseek_ME_27b_24,ME_27b,How can you use a magnet to find out if the key is iron or aluminum?,Applying heat instead of magnetism might be more effective for identifying metals like aluminum which lose their properties under extreme temperatures,contradictory
25,deepseek_ME_27b_25,ME_27b,How can you use a magnet to find out if the key is iron or aluminum?,The secret code for finding out a key's metal content is through ancient runes and not magnets,irrelevant
26,deepseek_ME_27b_26,ME_27b,How can you use a magnet to find out if the key is iron or aluminum?,"Shake a small piece of paper over the key; if the paper clings to the key, then it is likely made from iron as aluminum does not attract such light objects due to its non-magnetic properties",1.0
27,deepseek_ME_27b_27,ME_27b,How can you use a magnet to find out if the key is iron or aluminum?,"If you have access to a magnet and suspected material in different sizes or shapes (like nails vs. foil), try using smaller magnets for bigger objects which may affect results more than smaller ones do on finer details of aluminium",1.0
28,deepseek_ME_27b_28,ME_27b,How can you use a magnet to find out if the key is iron or aluminum?,"You could use an electronic compass near the key instead of a magnet; if your compass needle moves around the key significantly, that suggests aluminum is present due to its weaker magnetic properties compared to iron",partially_correct_incomplete
29,deepseek_ME_27b_29,ME_27b,How can you use a magnet to find out if the key is iron or aluminum?,"Observe if the magnet attaches easily or slides off; typically, iron attracts magnets more strongly than aluminum does",1.0
30,deepseek_ME_27b_30,ME_27b,How can you use a magnet to find out if the key is iron or aluminum?,A student might suggest using sound vibrations to identify the type of key they hold based on whether it produces a metallic ringing tone or not - but this has no direct link with determining if its made from iron or aluminum specifically,irrelevant
31,deepseek_ME_27b_31,ME_27b,How can you use a magnet to find out if the key is iron or aluminum?,The size and shape of the key are more important than its material for picking locks,irrelevant
32,deepseek_ME_27b_32,ME_27b,How can you use a magnet to find out if the key is iron or aluminum?,"When comparing keys made of iron to aluminum ones in class, I like to conduct an informal survey about which metal tastes better in cookies",irrelevant
33,deepseek_ME_27b_33,ME_27b,How can you use a magnet to find out if the key is iron or aluminum?,Is there an easy way to see what my key is made from?,non_domain
34,deepseek_ME_27b_34,ME_27b,How can you use a magnet to find out if the key is iron or aluminum?,I'm not sure how you would do that with just a magnet!,non_domain
35,deepseek_ME_27b_35,ME_27b,How can you use a magnet to find out if the key is iron or aluminum?,Magnets can be misleading; some aluminum keys are made with non-magnetic materials,contradictory
36,deepseek_ME_27b_36,ME_27b,How can you use a magnet to find out if the key is iron or aluminum?,Does this really matter for finding out if it’s iron or aluminum?,non_domain
37,deepseek_ME_27b_37,ME_27b,How can you use a magnet to find out if the key is iron or aluminum?,"Rub the side of the magnet over the surface of the key several times in one direction only. If you have an iron key, then it's likely to induce magnetism which can be observed using a compass or by testing against another magnetic object like a refrigerator door latch",1.0
38,deepseek_ME_27b_38,ME_27b,How can you use a magnet to find out if the key is iron or aluminum?,Maybe there’s a trick our science teacher would know about this!,non_domain
39,deepseek_ME_27b_39,ME_27b,How can you use a magnet to find out if the key is iron or aluminum?,Is there another way to find out what our keys are made from?,non_domain
40,deepseek_ME_27b_40,ME_27b,How can you use a magnet to find out if the key is iron or aluminum?,Aluminum keys have unique color and texture compared to iron ones,contradictory
41,deepseek_ME_27b_41,ME_27b,How can you use a magnet to find out if the key is iron or aluminum?,A magnet won't stick because the key isn’t ferromagnetic material (iron),contradictory
42,deepseek_ME_27b_42,ME_27b,How can you use a magnet to find out if the key is iron or aluminum?,"If your magnet sticks to the key without any effort, then it is probably made from iron",partially_correct_incomplete
43,deepseek_ME_27b_43,ME_27b,How can you use a magnet to find out if the key is iron or aluminum?,The weight of a key isn't sufficient to determine whether it is iron or aluminum; this characteristic varies within each material too,contradictory
44,deepseek_ME_27b_44,ME_27b,How can you use a magnet to find out if the key is iron or aluminum?,"Rubbing either material across a magnet will stick if it is iron; otherwise, it’s likely made of aluminum without the magnetic properties",1.0
45,deepseek_ME_27b_45,ME_27b,How can you use a magnet to find out if the key is iron or aluminum?,Testing keys with a magnet won’t distinguish between iron and aluminum since they have similar magnetic properties,contradictory
46,deepseek_ME_27b_46,ME_27b,How can you use a magnet to find out if the key is iron or aluminum?,"I would use a magnet to check if the key fits into my toy chest, but it doesn't matter what material it is made of",irrelevant
47,deepseek_ME_27b_47,ME_27b,How can you use a magnet to find out if the key is iron or aluminum?,Examine the key for any marks indicating it is made of metal types which can provide clues about its magnetic properties,1.0
48,deepseek_ME_27b_48,ME_27b,How can you use a magnet to find out if the key is iron or aluminum?,"To determine whether a key is iron or aluminum, you need advanced laboratory equipment like an X-ray fluorescence spectrometer",irrelevant
49,deepseek_ME_27b_49,ME_27b,How can you use a magnet to find out if the key is iron or aluminum?,"Check if there are magnets of known strength placed near the key, as stronger magnetic fields can affect weaker ones like aluminum more noticeably than iron does",1.0
50,deepseek_ME_27b_50,ME_27b,How can you use a magnet to find out if the key is iron or aluminum?,"Iron is attracted by magnets while aluminum isn’t, so check for magnetism as an indicator",partially_correct_incomplete
51,deepseek_ME_27b_51,ME_27b,How can you use a magnet to find out if the key is iron or aluminum?,Using magnets can be dangerous because they might damage delicate electronic devices around the key,irrelevant
52,deepseek_ME_27b_52,ME_27b,How can you use a magnet to find out if the key is iron or aluminum?,Using a magnet to test for iron or aluminum is not scientifically accurate as both materials do not respond to magnetic fields in the same way,contradictory
53,deepseek_ME_27b_53,ME_27b,How can you use a magnet to find out if the key is iron or aluminum?,"Expose key to strong magnet for several hours or overnight to induce magnetism, then try to attract any pins or small pieces of metal using a piece of adhesive tape; if the keys are made from aluminum and not magnetic, they will fail this test",1.0
54,deepseek_ME_27b_54,ME_27b,How can you use a magnet to find out if the key is iron or aluminum?,Magnetizing an iron key doesn't guarantee that it’s made of iron unless you also know its other properties and have detailed chemical analyses available,contradictory
55,deepseek_ME_27b_55,ME_27b,How can you use a magnet to find out if the key is iron or aluminum?,"I wonder which color pencil is stronger when held against a magnet: red, blue, black, or green?",irrelevant
56,deepseek_ME_27b_56,ME_27b,How can you use a magnet to find out if the key is iron or aluminum?,"When you shake the key and hear a ringing sound, that means it's probably aluminum because iron keys are usually silent",partially_correct_incomplete
57,deepseek_ME_27b_57,ME_27b,How can you use a magnet to find out if the key is iron or aluminum?,Why should we use a magnet in the first place?,non_domain
58,deepseek_ME_27b_58,ME_27b,How can you use a magnet to find out if the key is iron or aluminum?,Using a single magnet will not work effectively if you are trying to check multiple keys or different metallic items as each might have distinct responses,contradictory
59,deepseek_ME_27b_59,ME_27b,How can you use a magnet to find out if the key is iron or aluminum?,The key's weight will determine its composition; lighter keys are likely aluminum while heavier ones may be iron,contradictory
60,deepseek_ME_27b_60,ME_27b,How can you use a magnet to find out if the key is iron or aluminum?,To determine if a key is iron or aluminum would require me as the teacher to take a long lunch break instead of teaching today's lesson plan on fractions,irrelevant
61,deepseek_ME_27b_61,ME_27b,How can you use a magnet to find out if the key is iron or aluminum?,Using a magnet is not practical for distinguishing between iron and aluminum keys because they are too soft to be permanently magnetized like metal objects such as nails or steel tools that can hold strong magnetic fields,irrelevant
62,deepseek_ME_27b_62,ME_27b,How can you use a magnet to find out if the key is iron or aluminum?,My dog seems interested in keys; I'll use a magnet to see if they share an affinity for metals too!,irrelevant
63,deepseek_ME_27b_63,ME_27b,How can you use a magnet to find out if the key is iron or aluminum?,"Aluminum keys are non-magnetic, so if you can move the magnet around on the key without any attraction, it's likely made of aluminum",partially_correct_incomplete
64,deepseek_ME_27b_64,ME_27b,How can you use a magnet to find out if the key is iron or aluminum?,Use an electronic tester which gives off a high-pitch sound when placed near ferrous metals such as iron but remains silent around non-ferromagnetic materials like aluminium and copper—use it to scan over key surface for identification purpose,1.0
65,deepseek_ME_27b_65,ME_27b,How can you use a magnet to find out if the key is iron or aluminum?,A magnet placed near aluminum can cause sparks due to induced currents; this is why direct testing or lab analysis is necessary for metal identification,contradictory
66,deepseek_ME_27b_66,ME_27b,How can you use a magnet to find out if the key is iron or aluminum?,"Sounds interesting, but we should probably use science stuff like magnifiers and chemicals instead of just using magnets all the time.  ",non_domain
67,deepseek_ME_27b_67,ME_27b,How can you use a magnet to find out if the key is iron or aluminum?,I wonder if any other materials can attract a magnet too.,non_domain
68,deepseek_ME_27b_68,ME_27b,How can you use a magnet to find out if the key is iron or aluminum?,Use a battery-operated magnet to detect ferrous metals in non-ferrous materials like aluminum keys,1.0
69,deepseek_ME_27b_69,ME_27b,How can you use a magnet to find out if the key is iron or aluminum?,A magnet cannot tell you if the key is old or new; this factor does not affect its metal composition,contradictory
70,deepseek_ME_27b_70,ME_27b,How can you use a magnet to find out if the key is iron or aluminum?,Observe whether magnet falls off after a few seconds; this indicates aluminum because it isn't as strongly magnetic as iron,1.0
71,deepseek_ME_27b_71,ME_27b,How can you use a magnet to find out if the key is iron or aluminum?,"The method that uses magnetism will only identify ferrous metals; if it sticks, then it must be iron—but this is incorrect for aluminum keys",contradictory
72,deepseek_ME_27b_72,ME_27b,How can you use a magnet to find out if the key is iron or aluminum?,Maybe we should look in the manual first before trying this out.,non_domain
73,deepseek_ME_27b_73,ME_27b,How can you use a magnet to find out if the key is iron or aluminum?,Can anyone think of something other than magnets that might work here?,non_domain
74,deepseek_ME_27b_74,ME_27b,How can you use a magnet to find out if the key is iron or aluminum?,"Magnets can stick to any metal, but that doesn't tell you if the key is made of aluminum or iron without a closer examination",irrelevant
75,deepseek_ME_27b_75,ME_27b,How can you use a magnet to find out if the key is iron or aluminum?,"I'd need a metal detector for that, not just a magnet!  ",non_domain
76,deepseek_ME_27b_76,ME_27b,How can you use a magnet to find out if the key is iron or aluminum?,"To identify the metal composition of a key, one should perform chemical analysis instead of using magnets",irrelevant
77,deepseek_ME_27b_77,ME_27b,How can you use a magnet to find out if the key is iron or aluminum?,You can test if it’s iron or aluminium by heating the key till red hot - Iron will cool down forming an oxide layer whereas Aluminium melts without any change in color,partially_correct_incomplete
78,deepseek_ME_27b_78,ME_27b,How can you use a magnet to find out if the key is iron or aluminum?,I’m curious about how magnets work with different metals,non_domain
79,deepseek_ME_27b_79,ME_27b,How can you use a magnet to find out if the key is iron or aluminum?,Testing keys with a magnet can be misleading because some keys might not have any noticeable response from the magnet at all,contradictory
80,deepseek_ME_27b_80,ME_27b,How can you use a magnet to find out if the key is iron or aluminum?,"If a magnet sticks strongly to an object but then falls off when placed near another piece of metal, that's evidence it was made of aluminum initially",1.0
81,deepseek_ME_27b_81,ME_27b,How can you use a magnet to find out if the key is iron or aluminum?,"If the magnet only slightly sticks to the key or not at all, then the key might be aluminum since iron attracts more strongly than aluminum",partially_correct_incomplete
82,deepseek_ME_27b_82,ME_27b,How can you use a magnet to find out if the key is iron or aluminum?,Maybe try touching it gently with your fingers?  ,non_domain
83,deepseek_ME_27b_83,ME_27b,How can you use a magnet to find out if the key is iron or aluminum?,Can we use our eyes instead of magnets for this?,non_domain
84,deepseek_ME_27b_84,ME_27b,How can you use a magnet to find out if the key is iron or aluminum?,Isn’t there an easier method than using a magnet?,non_domain
85,deepseek_ME_27b_85,ME_27b,How can you use a magnet to find out if the key is iron or aluminum?,"Do you think magnets even work on aluminum, like they do with iron?",non_domain
86,deepseek_ME_27b_86,ME_27b,How can you use a magnet to find out if the key is iron or aluminum?,Do we need any special tools or just our hands and eyes?,non_domain
87,deepseek_ME_27b_87,ME_27b,How can you use a magnet to find out if the key is iron or aluminum?,"Try bending or twisting the key to observe how brittle aluminum is compared to iron; if you see cracks forming easily, that's another clue it’s not made of iron",partially_correct_incomplete
88,deepseek_ME_27b_88,ME_27b,How can you use a magnet to find out if the key is iron or aluminum?,"Instead of testing its iron or aluminum content, let’s figure out which side has more magnetic properties so we can determine where to hang our keys on the wall!",irrelevant
89,deepseek_ME_27b_89,ME_27b,How can you use a magnet to find out if the key is iron or aluminum?,"Place each piece next to the magnet and note whether any are drawn towards or repelled away from the magnet, which can indicate their composition",1.0
90,deepseek_ME_27b_90,ME_27b,How can you use a magnet to find out if the key is iron or aluminum?,The key's color or size has no direct relevance in determining whether it’s made of iron or aluminum,contradictory
91,deepseek_ME_27b_91,ME_27b,How can you use a magnet to find out if the key is iron or aluminum?,Using different magnets of varying strengths can sometimes affect stickiness for both metals; stronger magnets are usually better at pulling metal towards them,partially_correct_incomplete
92,deepseek_ME_27b_92,ME_27b,How can you use a magnet to find out if the key is iron or aluminum?,You cannot use temperature changes induced by a magnet on a key to identify its composition accurately,contradictory
93,deepseek_ME_27b_93,ME_27b,How can you use a magnet to find out if the key is iron or aluminum?,Can you tell me what makes something magnetic?,non_domain
94,deepseek_ME_27b_94,ME_27b,How can you use a magnet to find out if the key is iron or aluminum?,Test if magnet sticks in areas where keys are connected by springs (if present on an iron key); springs would be made of iron and hence stick to a magnet due to their ferromagnetic nature,1.0
95,deepseek_ME_27b_95,ME_27b,How can you use a magnet to find out if the key is iron or aluminum?,I'm not sure if there's a way to do that without touching it too much,non_domain
96,deepseek_ME_27b_96,ME_27b,How can you use a magnet to find out if the key is iron or aluminum?,You can only differentiate between materials using magnetism if they are magnetic themselves,irrelevant
97,deepseek_ME_27b_97,ME_27b,How can you use a magnet to find out if the key is iron or aluminum?,"The size of the magnet affects how well it can detect metal properties in different materials, not its ability to differentiate between iron and aluminum based on color alone",irrelevant
98,deepseek_ME_27b_98,ME_27b,How can you use a magnet to find out if the key is iron or aluminum?,A magnet can only detect ferrous metals like iron—aluminum keys cannot be identified using magnetism alone,contradictory
99,deepseek_ME_27b_99,ME_27b,How can you use a magnet to find out if the key is iron or aluminum?,Is there an easier way than using just the magnet?,non_domain
100,deepseek_ME_27b_100,ME_27b,How can you use a magnet to find out if the key is iron or aluminum?,"Use a soft cloth to lightly rub against the key surface; rust indicates it's iron, while lack thereof suggests non-ferrous material such as aluminum or stainless steel",1.0
101,deepseek_ME_27b_101,ME_27b,How can you use a magnet to find out if the key is iron or aluminum?,"Aluminum keys often have non-uniform surfaces, so checking for any areas with no magnetism might help identify them as aluminum",partially_correct_incomplete
102,deepseek_ME_27b_102,ME_27b,How can you use a magnet to find out if the key is iron or aluminum?,Sound produced by knocking on a key won’t indicate its material — different metals can make similar sounds when struck lightly,contradictory
103,deepseek_ME_27b_103,ME_27b,How can you use a magnet to find out if the key is iron or aluminum?,Expose any screws in the key that might be made from an inner ferrous component visible to detect magnetism through their threads,1.0
104,deepseek_ME_27b_104,ME_27b,How can you use a magnet to find out if the key is iron or aluminum?,"Since I don't know how aluminum reacts with magnets, let’s do some experiments involving copper wires and rare earth magnets before testing our key!",irrelevant
105,deepseek_ME_27b_105,ME_27b,How can you use a magnet to find out if the key is iron or aluminum?,"I'm not sure how to do that yet, could you help me?",non_domain
106,deepseek_ME_27b_106,ME_27b,How can you use a magnet to find out if the key is iron or aluminum?,"A magnet could potentially affect your fingerprints when you touch an aluminum key, suggesting whether it might have been in contact with something magnetic before - but this isn't scientifically reliable evidence of material composition",irrelevant
107,deepseek_ME_27b_107,ME_27b,How can you use a magnet to find out if the key is iron or aluminum?,The method is flawed as magnets cannot distinguish between iron and aluminum directly,contradictory
108,deepseek_ME_27b_108,ME_27b,How can you use a magnet to find out if the key is iron or aluminum?,A student might say that using the sun or shadows cast by different metals is more effective than a magnet in finding out if their key has magnetic properties - but this also doesn'kindirectly point to identifying whether it is iron or aluminum specifically,irrelevant
109,deepseek_ME_27b_109,ME_27b,How can you use a magnet to find out if the key is iron or aluminum?,How does one use a magnet to detect the type of metal in an object?,non_domain
110,deepseek_ME_27b_110,ME_27b,How can you use a magnet to find out if the key is iron or aluminum?,"Dropping It in Water: If water repels both iron and aluminum keys, submerging them might be a way to tell by observing which one floats or sinks. However, this method is not foolproof as different densities can affect buoyancy too",contradictory
111,deepseek_ME_27b_111,ME_27b,How can you use a magnet to find out if the key is iron or aluminum?,"A more scientific approach would be to conduct an electrical conductivity test, not just magnetism",irrelevant
112,deepseek_ME_27b_112,ME_27b,How can you use a magnet to find out if the key is iron or aluminum?,I have heard that you can tell an aluminum key by counting its ridges; iron keys always just have one large ridge near their pointy end,irrelevant
113,deepseek_ME_27b_113,ME_27b,How can you use a magnet to find out if the key is iron or aluminum?,"I once found my magnet stuck to a piece of metal under my desk, but it turned out not to be iron or aluminum—it was just dirty",irrelevant
114,deepseek_ME_27b_114,ME_27b,How can you use a magnet to find out if the key is iron or aluminum?,This is totally impossible unless we had X-ray vision too! Just kidding (mostly).  ,non_domain
115,deepseek_ME_27b_115,ME_27b,How can you use a magnet to find out if the key is iron or aluminum?,"You can check if your key has any magnetic properties by holding it near different magnets and seeing how it reacts; if it shows any attraction, it's probably made of iron",partially_correct_incomplete
116,deepseek_ME_27b_116,ME_27b,How can you use a magnet to find out if the key is iron or aluminum?,I will try using magnets on other metals like gold and copper before concluding about this specific key,irrelevant
117,deepseek_ME_27b_117,ME_27b,How can you use a magnet to find out if the key is iron or aluminum?,"To find out the composition of this particular key, we need quantum physics instead of just magnetism",irrelevant
118,deepseek_ME_27b_118,ME_27b,How can you use a magnet to find out if the key is iron or aluminum?,"Hold magnet near key; if it sticks to iron, then key is made from iron metal. If not attracted or only weakly attracted by aluminum, check further for specific magnetism of key material",1.0
119,deepseek_ME_27b_119,ME_27b,How can you use a magnet to find out if the key is iron or aluminum?,I will sing the ABCs five times to see which material responds better to magnet attraction,irrelevant
120,deepseek_ME_27b_120,ME_27b,How can you use a magnet to find out if the key is iron or aluminum?,"By examining whether there are grooves in one part of the key that align with others when placed on a flat surface, you might infer more about its construction and material",partially_correct_incomplete
121,deepseek_ME_27b_121,ME_27b,How can you use a magnet to find out if the key is iron or aluminum?,"If you want to know if something is made from iron or aluminum, better check its datasheet or chemical composition than relying on just the magnetism of a magnet!",irrelevant
122,deepseek_ME_27b_122,ME_27b,How can you use a magnet to find out if the key is iron or aluminum?,"Drop the key into a filled glass of water; if it sinks and makes alarm bells ring when placed near other metal objects (especially sensitive detectors), you know there’s an iron component present in your key",1.0
123,deepseek_ME_27b_123,ME_27b,How can you use a magnet to find out if the key is iron or aluminum?,What makes one metal stick better than another when using a magnet?,non_domain
124,deepseek_ME_27b_124,ME_27b,How can you use a magnet to find out if the key is iron or aluminum?,Smashing Both Keys with Hammer: Destruction of the objects in question could reveal their internal structure but would also render both keys unusable for any other purpose than scientific demonstration,contradictory
125,deepseek_ME_27b_125,ME_27b,How can you use a magnet to find out if the key is iron or aluminum?,Using magnets to test keys might damage an aluminum one due to different magnetic properties; direct inspection is safer and more effective,contradictory
126,deepseek_ME_27b_126,ME_27b,How can you use a magnet to find out if the key is iron or aluminum?,Note whether there's any sort of plastic coating over part of the key; this could suggest it is made out of a non-magnetic material such as nylon or some types of polymer found in modern keys instead of traditional metal parts typically composed mostly (if not entirely) of ferrous metals like carbon steel or wrought iron,partially_correct_incomplete
127,deepseek_ME_27b_127,ME_27b,How can you use a magnet to find out if the key is iron or aluminum?,"Hold magnet against key; if it sticks, then the key is iron since iron is magnetic",1.0
128,deepseek_ME_27b_128,ME_27b,How can you use a magnet to find out if the key is iron or aluminum?,How would I know if it’s iron or aluminum from a magnet?,non_domain
129,deepseek_ME_27b_129,ME_27b,How can you use a magnet to find out if the key is iron or aluminum?,"Observe if the materials show any marks or scratches easily with wear and tear, as iron can rust whereas aluminum doesn't corrode visibly like iron does over time",1.0
130,deepseek_ME_27b_130,ME_27b,How can you use a magnet to find out if the key is iron or aluminum?,"Aluminum keys usually repel magnets, while iron ones attract them easily",partially_correct_incomplete
131,deepseek_ME_27b_131,ME_27b,How can you use a magnet to find out if the key is iron or aluminum?,"Using a magnet can sometimes reveal that keys are not made entirely from the same metal if they contain layers or coatings; however, without further testing such as melting down and analyzing each piece separately, you cannot definitively conclude their makeup based on magnetism alone",irrelevant
132,deepseek_ME_27b_132,ME_27b,How can you use a magnet to find out if the key is iron or aluminum?,"A simple way to test for magnetism is by pressing the key against another piece of ferrous (iron) material; if it sticks, then it might contain enough iron content to attract magnets",partially_correct_incomplete
133,deepseek_ME_27b_133,ME_27b,How can you use a magnet to find out if the key is iron or aluminum?,"Do you have another tool we could try first, maybe?",non_domain
134,deepseek_ME_27b_134,ME_27b,How can you use a magnet to find out if the key is iron or aluminum?,Look for scratches or marks on the key that might indicate whether it has been previously painted with an anti-corrosion coating of zinc or silicon. Iron keys would have these coatings removed when they rust,1.0
135,deepseek_ME_27b_135,ME_27b,How can you use a magnet to find out if the key is iron or aluminum?,"Only X-ray fluorescence could tell you if it's iron or aluminum content, not any visible magnet tests",contradictory
136,deepseek_ME_27b_136,ME_27b,How can you use a magnet to find out if the key is iron or aluminum?,A heat test can determine which key contains iron because iron becomes very hot when exposed to magnetism while aluminum does not react in the same way,contradictory
137,deepseek_ME_27b_137,ME_27b,How can you use a magnet to find out if the key is iron or aluminum?,"Measuring Their Temperature with a Noncontact Infrared Thermometer: While extreme heat could be indicative of ferrous materials, lighter non-ferromagnetic ones like aluminum wouldn't necessarily register high temperatures unless heated to very high degrees",contradictory
138,deepseek_ME_27b_138,ME_27b,How can you use a magnet to find out if the key is iron or aluminum?,Let's not worry about iron or aluminum; it would be much easier to just use the magnet trick if my LEGO set was made of these materials instead,irrelevant
139,deepseek_ME_27b_139,ME_27b,How can you use a magnet to find out if the key is iron or aluminum?,"If you look at the key from different angles and touch it with your tongue, you might taste a metallic flavor that is similar for both materials",irrelevant
140,deepseek_ME_27b_140,ME_27b,How can you use a magnet to find out if the key is iron or aluminum?,What does that even mean?,non_domain
141,deepseek_ME_27b_141,ME_27b,How can you use a magnet to find out if the key is iron or aluminum?,"Can you really use a magnet for this, like in science class?",non_domain
142,deepseek_ME_27b_142,ME_27b,How can you use a magnet to find out if the key is iron or aluminum?,Drop the key onto a hard surface to listen for metal clanking sounds – heavier 'thuds' suggest iron components while aluminum might make lighter or muffled noises,1.0
143,deepseek_ME_27b_143,ME_27b,How can you use a magnet to find out if the key is iron or aluminum?,If a magnet attaches itself firmly and instantly to either of these metals then it would be iron otherwise aluminum (non-magnetic),partially_correct_incomplete
144,deepseek_ME_27b_144,ME_27b,How can you use a magnet to find out if the key is iron or aluminum?,You can use another stronger magnet and see if your first magnet drops off when placed near the key – it will drop off a soft metal like aluminum,partially_correct_incomplete
145,deepseek_ME_27b_145,ME_27b,How can you use a magnet to find out if the key is iron or aluminum?,What would happen if I tried this method for another kind of metal?,non_domain
146,deepseek_ME_27b_146,ME_27b,How can you use a magnet to find out if the key is iron or aluminum?,Can you explain how magnetism works in identifying materials?,non_domain
147,deepseek_ME_27b_147,ME_27b,How can you use a magnet to find out if the key is iron or aluminum?,Examine the weight and density of the key: heavier keys are more likely made from denser materials like iron compared to lighter ones which could be aluminum or another less dense metal,1.0
148,deepseek_ME_27b_148,ME_27b,How can you use a magnet to find out if the key is iron or aluminum?,Using the magnet against a hard surface (like concrete) can help determine if it's softer like aluminum before further tests,partially_correct_incomplete
149,deepseek_ME_27b_149,ME_27b,How can you use a magnet to find out if the key is iron or aluminum?,"If you can get a small piece of the key by scratching its surface on something hard (like touching two pieces together), testing for magnetism might be possible with less fear of damaging your sample",partially_correct_incomplete
150,deepseek_ME_27b_150,ME_27b,How can you use a magnet to find out if the key is iron or aluminum?,The answer lies in alchemy; you must first transmute lead into gold before knowing its material type,irrelevant
151,deepseek_ME_27b_151,ME_27b,How can you use a magnet to find out if the key is iron or aluminum?,"Placing Them in a Jar of Nuts and Bolts:  Mixing all metal objects together can be an interesting test where you must sift through the contents manually to identify keys by their weight or shape but again, this doesn't differentiate between ferrous & non-ferrous metals based on physical properties",contradictory
152,deepseek_ME_27b_152,ME_27b,How can you use a magnet to find out if the key is iron or aluminum?,"Magnetizing your finger before touching the key with it will not help in determining the type of metal, as humans are generally non-magnetic",contradictory
153,deepseek_ME_27b_153,ME_27b,How can you use a magnet to find out if the key is iron or aluminum?,"Check if you can see a line separating two different colored metals on the key: one color might indicate an alloy that’s not made from iron, like aluminum or brass which look quite distinct visually compared to common household iron items",partially_correct_incomplete
154,deepseek_ME_27b_154,ME_27b,How can you use a magnet to find out if the key is iron or aluminum?,Dampen a white paper sheet with water drops or use a wet cloth to wipe over key surfaces. Iron attracts magnetic particles and may leave dark marks which can be detected by observing against light,1.0
155,deepseek_ME_27b_155,ME_27b,How can you use a magnet to find out if the key is iron or aluminum?,"If you shake the key against your ear, the hollow sound indicates aluminum; a solid sound means it's made of iron—neither method involves magnetic properties though",contradictory
156,deepseek_ME_27b_156,ME_27b,How can you use a magnet to find out if the key is iron or aluminum?,"Magnets can be influenced by other magnetic objects nearby, making the test unreliable in identifying metal type for just one key",contradictory
157,deepseek_ME_27b_157,ME_27b,How can you use a magnet to find out if the key is iron or aluminum?,Aluminum keys usually have weaker magnetism compared to iron ones,partially_correct_incomplete
158,deepseek_ME_27b_158,ME_27b,How can you use a magnet to find out if the key is iron or aluminum?,"Use another strong magnet to test and see if it attracts both ferrous materials (iron) and non-ferrous ones like aluminum, which are not attracted by magnets without iron cores",1.0
159,deepseek_ME_27b_159,ME_27b,How can you use a magnet to find out if the key is iron or aluminum?,"Press a strong magnet against both materials in different orientations - if only one orientation shows attraction or repulsion, that suggests you're dealing with an alloyed key (for instance steel-aluminum)",1.0
160,deepseek_ME_27b_160,ME_27b,How can you use a magnet to find out if the key is iron or aluminum?,Aluminum keys can sometimes stick to magnets if they have enough ferrous metal inside them,irrelevant
161,deepseek_ME_27b_161,ME_27b,How can you use a magnet to find out if the key is iron or aluminum?,"Attach the magnet to different parts of the key and observe if it sticks, as aluminum is not magnetic while iron is",1.0
162,deepseek_ME_27b_162,ME_27b,How can you use a magnet to find out if the key is iron or aluminum?,"Place each key in front of different light sources to examine reflectivity – aluminum reflects more light than it absorbs, which distinguishes it from an iron-made key",1.0
163,deepseek_ME_27b_163,ME_27b,How can you use a magnet to find out if the key is iron or aluminum?,I think it might be hard to tell just by touching them with a magnet.,non_domain
164,deepseek_ME_27b_164,ME_27b,How can you use a magnet to find out if the key is iron or aluminum?,"Attach the magnet to one side of the key and see if it sticks, as iron will stick better than aluminum due to its magnetic properties",1.0
165,deepseek_ME_27b_165,ME_27b,How can you use a magnet to find out if the key is iron or aluminum?,"Place both keys in a bag and shake vigorously; if one causes any electronic devices/detectors to make sound, it's likely that material within this specific key attracts magnetic fields strongly—which suggests iron content presence making them detectable even without direct magnet application or electromagnetic field creation method",1.0
166,deepseek_ME_27b_166,ME_27b,How can you use a magnet to find out if the key is iron or aluminum?,"If you see metal shavings stuck to a key, it's probably iron because aluminum doesn't produce much of them when cut",partially_correct_incomplete
167,deepseek_ME_27b_167,ME_27b,How can you use a magnet to find out if the key is iron or aluminum?,Isn’t it hard to tell materials apart using only magnets?,non_domain
168,deepseek_ME_27b_168,ME_27b,How can you use a magnet to find out if the key is iron or aluminum?,Use a small piece of sandpaper on the area where magnetism could be suspected; iron keys will leave visible rust/iron particles while aluminum doesn’t oxidize similarly,1.0
169,deepseek_ME_27b_169,ME_27b,How can you use a magnet to find out if the key is iron or aluminum?,"The magnet will stick to both iron and aluminum keys, but it's not a definitive test as some metals can be magnetic too",partially_correct_incomplete
170,deepseek_ME_27b_170,ME_27b,How can you use a magnet to find out if the key is iron or aluminum?,Expose the inside part of one material to a flame – iron keys heat up quicker than aluminum ones due to their magnetic properties and higher conductivity,1.0
171,deepseek_ME_27b_171,ME_27b,How can you use a magnet to find out if the key is iron or aluminum?,"Applying a Strong Neodymium Magnet and Watching Which One Moves: If you attach one very strong magnet to each key, the iron ones will stick while aluminum won't due to their differing magnetic properties at atomic levels. However, this requires direct physical contact which isn’t typically done for simple identification purposes",contradictory
172,deepseek_ME_27b_172,ME_27b,How can you use a magnet to find out if the key is iron or aluminum?,"Iron can be attracted by a magnet, which makes it easier to identify in contrast with aluminum",partially_correct_incomplete
173,deepseek_ME_27b_173,ME_27b,How can you use a magnet to find out if the key is iron or aluminum?,A magnet might stick more strongly to one side of the key than the other; this could indicate that you've found the aluminum part,partially_correct_incomplete
174,deepseek_ME_27b_174,ME_27b,How can you use a magnet to find out if the key is iron or aluminum?,Test for color variations between areas on the key; sometimes keys have different metals used at different points due to manufacturing process or design needs,1.0
175,deepseek_ME_27b_175,ME_27b,How can you use a magnet to find out if the key is iron or aluminum?,"A stronger magnet could potentially stick to an iron key, but it would never work with the much weaker aluminum ones due to their low magnetism susceptibility",irrelevant
176,deepseek_ME_27b_176,ME_27b,How can you use a magnet to find out if the key is iron or aluminum?,"To tell whether the key is made out of aluminum, you could try to scratch it lightly on an abrasive surface; if marks remain, it might be aluminum as it has a natural oxide layer which prevents scratching",partially_correct_incomplete
177,deepseek_ME_27b_177,ME_27b,How can you use a magnet to find out if the key is iron or aluminum?,The weight of the key can help determine whether it's lighter and potentially aluminum if that's not typical for keys you handle,partially_correct_incomplete
178,deepseek_ME_27b_178,ME_27b,How can you use a magnet to find out if the key is iron or aluminum?,"If you hear a sound when using the magnet around keys made of iron, then that means they're attracted due to being magnetic while aluminum is non-magnetic",partially_correct_incomplete
179,deepseek_ME_27b_179,ME_27b,How can you use a magnet to find out if the key is iron or aluminum?,"If you have access to scientific lab equipment, use magnetic susceptibility measurements via techniques such as vibrating sample magnetometry or superconducting quantum interference device (SQUID) which can accurately determine the type of metal your key is made from based on its magnetism response",1.0
180,deepseek_ME_27b_180,ME_27b,How can you use a magnet to find out if the key is iron or aluminum?,Could we ask someone with more knowledge to help us figure out if it's iron or aluminum?,non_domain
181,deepseek_ME_27b_181,ME_27b,How can you use a magnet to find out if the key is iron or aluminum?,"The hardness and weight of each metal could potentially be considered as additional factors for distinguishing between an iron key and an aluminum one; however, these factors alone aren't sufficient indicators without considering other characteristics such as magnetism first",irrelevant
182,deepseek_ME_27b_182,ME_27b,How can you use a magnet to find out if the key is iron or aluminum?,"You could use a magnet to see if you can lift paper clips, suggesting whether your fingers are made from iron filings and aluminum foil; however, that connection isn't particularly useful for determining what type of metal your keys are made out of",irrelevant
183,deepseek_ME_27b_183,ME_27b,How can you use a magnet to find out if the key is iron or aluminum?,I would use a magnet if my science textbook was made from one of these materials because that's what we studied last week in class,irrelevant
184,deepseek_ME_27b_184,ME_27b,How can you use a magnet to find out if the key is iron or aluminum?,"Using a Geiger Counter to Detect Iron’s Gamma Rays: Although this method can identify iron isotopes, it won't distinguish between aluminum and other non-magnetic materials like copper or brass unless they are specifically tested under specific conditions",contradictory
185,deepseek_ME_27b_185,ME_27b,How can you use a magnet to find out if the key is iron or aluminum?,"You can tell by listening for a magnetic sound while holding the magnet against the key – if it makes noise, then there’s an iron core in the key",partially_correct_incomplete
186,deepseek_ME_27b_186,ME_27b,How can you use a magnet to find out if the key is iron or aluminum?,Magnetizing through friction with sandpaper does not help identify whether it's iron or aluminum; this method cannot differentiate between the two metals accurately,contradictory
187,deepseek_ME_27b_187,ME_27b,How can you use a magnet to find out if the key is iron or aluminum?,Magnet strength correlates with temperature; higher temperatures reduce magnetic field intensity for both types of metals,irrelevant
188,deepseek_ME_27b_188,ME_27b,How can you use a magnet to find out if the key is iron or aluminum?,A magnet will only stick briefly to an aluminum key; you need specialized equipment for accurate metal identification,contradictory
189,deepseek_ME_27b_189,ME_27b,How can you use a magnet to find out if the key is iron or aluminum?,"Aluminum is lighter than iron, but this doesn’t help you distinguish between the two types of metals just by touching them with a magnet",irrelevant
190,deepseek_ME_27b_190,ME_27b,How can you use a magnet to find out if the key is iron or aluminum?,"If you hold the key near a magnet and it sticks, it's iron",partially_correct_incomplete
191,deepseek_ME_27b_191,ME_27b,How can you use a magnet to find out if the key is iron or aluminum?,"Touching the magnet to the suspected metal suggests sticking as another crude method, but this risks scratching or damaging the key",partially_correct_incomplete
192,deepseek_ME_27b_192,ME_27b,How can you use a magnet to find out if the key is iron or aluminum?,You can tell if a key is made of iron by using a common refrigerator magnet,partially_correct_incomplete
193,deepseek_ME_27b_193,ME_27b,How can you use a magnet to find out if the key is iron or aluminum?,"If you find a used key in your home, try using a magnet to see if it sticks; this might help determine whether the metal is likely iron or aluminum",partially_correct_incomplete
194,deepseek_ME_27b_194,ME_27b,How can you use a magnet to find out if the key is iron or aluminum?,"If you have access to tools like magnets and metal detectors at school or home, using them on different keys can help in determining whether they contain iron or aluminum",partially_correct_incomplete
195,deepseek_ME_27b_195,ME_27b,How can you use a magnet to find out if the key is iron or aluminum?,A strong magnet will attract an iron key but not necessarily an aluminum one,partially_correct_incomplete
196,deepseek_ME_27b_196,ME_27b,How can you use a magnet to find out if the key is iron or aluminum?,"Use a small piece of rare earth neodymium magnet (extremely strong) and note its behavior around different areas on the key surface: if it sticks firmly, then that part is magnetic due to iron content; otherwise, non-magnetic sections would be aluminum or another non-ferrous material",1.0
197,deepseek_ME_27b_197,ME_27b,How can you use a magnet to find out if the key is iron or aluminum?,Is there an app for my phone that can tell me what the key is made of?,non_domain
198,deepseek_ME_27b_198,ME_27b,How can you use a magnet to find out if the key is iron or aluminum?,A strong magnet will stick to an iron key but not necessarily an aluminum one,partially_correct_incomplete
199,deepseek_ME_27b_199,ME_27b,How can you use a magnet to find out if the key is iron or aluminum?,"Blowing Across the Keys: Sound vibrations might change pitch when made by different processes (hammering vs. pressing), but again without proper scientific setup this is unreliable for distinguishing metals based on magnetism properties alone",contradictory
200,deepseek_ME_27b_200,ME_27b,How can you use a magnet to find out if the key is iron or aluminum?,A visual inspection of the key’s shape and size can give you more reliable results than any magnetic property could provide,contradictory
201,deepseek_ME_27b_201,ME_27b,How can you use a magnet to find out if the key is iron or aluminum?,You can test if a key is made from iron by using a magnet,partially_correct_incomplete
202,deepseek_ME_27b_202,ME_27b,How can you use a magnet to find out if the key is iron or aluminum?,I don't have a key right now,non_domain
203,deepseek_ME_27b_203,ME_27b,How can you use a magnet to find out if the key is iron or aluminum?,"That sounds tricky, can we try it together?",non_domain
204,deepseek_ME_27b_204,ME_27b,How can you use a magnet to find out if the key is iron or aluminum?,Using an electromagnet instead will reveal more about its properties,contradictory
205,deepseek_ME_27b_205,ME_27b,How can you use a magnet to find out if the key is iron or aluminum?,Place the key near a piece of paper with a magnet's pattern; aluminum keys won’t erase the pencil mark compared to an iron key that will,1.0
206,deepseek_ME_27b_206,ME_27b,How can you use a magnet to find out if the key is iron or aluminum?,"Since I have only one magnet, I can compare how strong it pulls towards different objects in my room to guess the composition of the key",irrelevant
207,deepseek_ME_27b_207,ME_27b,How can you use a magnet to find out if the key is iron or aluminum?,"You can use a magnet if you see metal shavings around the key, as these are usually attracted to iron",partially_correct_incomplete
208,deepseek_ME_27b_208,ME_27b,How can you use a magnet to find out if the key is iron or aluminum?,"Using magnets to determine metal type is not accurate, as different metals can have similar magnetic properties",contradictory
209,deepseek_ME_27b_209,ME_27b,How can you use a magnet to find out if the key is iron or aluminum?,Do magnets work differently on different materials?,non_domain
210,deepseek_ME_27b_210,ME_27b,How can you use a magnet to find out if the key is iron or aluminum?,Is this some kind of magic trick question? How would I do that without any special equipment or tools at hand?!  ,non_domain
211,deepseek_ME_27b_211,ME_27b,How can you use a magnet to find out if the key is iron or aluminum?,How will I know which one is key among all these objects?,non_domain
212,deepseek_ME_27b_212,ME_27b,How can you use a magnet to find out if the key is iron or aluminum?,Checking for a specific color won’t work; both iron and aluminum are found in various shades and finishes without being visibly different,partially_correct_incomplete
213,deepseek_ME_27b_213,ME_27b,How can you use a magnet to find out if the key is iron or aluminum?,"Using magnets can't tell if a key is iron or aluminum, it needs to be tested in an expert lab",contradictory
214,deepseek_ME_27b_214,ME_27b,How can you use a magnet to find out if the key is iron or aluminum?,Using a magnet on this key will reveal whether it contains iron or aluminum only if you have psychic powers too,irrelevant
215,deepseek_ME_27b_215,ME_27b,How can you use a magnet to find out if the key is iron or aluminum?,The magnet will not stick to either metal; they are non-magnetic materials,contradictory
216,deepseek_ME_27b_216,ME_27b,How can you use a magnet to find out if the key is iron or aluminum?,The magnetism of a magnet depends on how strong its battery is; weaker batteries produce less magnetic fields,irrelevant
217,deepseek_ME_27b_217,ME_27b,How can you use a magnet to find out if the key is iron or aluminum?,"Wrap a small piece of tape around the base end of magnet and stick it onto a wall. Then approach the keys one-by-one; if they are made of iron, they will be pulled down from their position on the wall too",1.0
218,deepseek_ME_27b_218,ME_27b,How can you use a magnet to find out if the key is iron or aluminum?,"Look at how shiny or dull the metal part of the key is – aluminum usually has a lighter, shinier appearance than iron does when it's in pure form without any rusting occurring yet",partially_correct_incomplete
219,deepseek_ME_27b_219,ME_27b,How can you use a magnet to find out if the key is iron or aluminum?,"Test how easily you can dent each type of key by applying pressure on opposite ends; if it bends significantly, that’s an indication it is made from aluminum",1.0
220,deepseek_ME_27b_220,ME_27b,How can you use a magnet to find out if the key is iron or aluminum?,"Pour a small amount of iron filings over the key and observe if they stick, which could suggest the presence of ferromagnetic materials like iron inside the key",1.0
221,deepseek_ME_27b_221,ME_27b,How can you use a magnet to find out if the key is iron or aluminum?,You can only differentiate by checking for a specific symbol marking on the key,contradictory
222,deepseek_ME_27b_222,ME_27b,How can you use a magnet to find out if the key is iron or aluminum?,You can't accurately determine if a key is made of iron or aluminum just by touching its shank with a magnet,contradictory
223,deepseek_ME_27b_223,ME_27b,How can you use a magnet to find out if the key is iron or aluminum?,"By observing how quickly or slowly the magnet is pulled towards the key, one might guess which material it is made of",partially_correct_incomplete
224,deepseek_ME_27b_224,ME_27b,How can you use a magnet to find out if the key is iron or aluminum?,"The magnet sticks to the key, indicating it's made of iron because aluminum doesn't attract magnets well",partially_correct_incomplete
225,deepseek_ME_27b_225,ME_27b,How can you use a magnet to find out if the key is iron or aluminum?,"The magnetic field generated by earth’s core can be compared with that produced by a small bar magnet; however, it doesn't explain how to differentiate between an aluminum key and an iron one",irrelevant
226,deepseek_ME_27b_226,ME_27b,How can you use a magnet to find out if the key is iron or aluminum?,Use an electronic magnet tester to identify metals by their response; iron would have a stronger reaction than aluminum,1.0
227,deepseek_ME_27b_227,ME_27b,How can you use a magnet to find out if the key is iron or aluminum?,Using magnets to identify metal properties might be useful in recycling plants; it won't tell you which key belongs to your keychain unless other factors are involved,irrelevant
228,deepseek_ME_27b_228,ME_27b,How can you use a magnet to find out if the key is iron or aluminum?,Is there a difference in how different metals react to being touched by a magnet?,non_domain
229,deepseek_ME_27b_229,ME_27b,How can you use a magnet to find out if the key is iron or aluminum?,"Applying a magnet isn't reliable for distinguishing the material of a key, it must be analyzed under magnification in forensic labs",contradictory
230,deepseek_ME_27b_230,ME_27b,How can you use a magnet to find out if the key is iron or aluminum?,"Hmm, sounds tricky. Can you show us how it's done with proper apparatus next class period please?  ",non_domain
231,deepseek_ME_27b_231,ME_27b,How can you use a magnet to find out if the key is iron or aluminum?,"You can use a magnet if you have one, but it is unnecessary since both iron and aluminum keys are magnetic",contradictory
232,deepseek_ME_27b_232,ME_27b,How can you use a magnet to find out if the key is iron or aluminum?,Another method of testing might involve observing if the key rusts over time; non-iron materials like aluminum are less prone to rusting than their ferrous counterparts which could be an indication of its material composition,partially_correct_incomplete
233,deepseek_ME_27b_233,ME_27b,How can you use a magnet to find out if the key is iron or aluminum?,"Use an electromagnet for detection as it creates stronger field than a simple bar magnet; if key is made of iron, it will stick strongly to the electromagnet",1.0
234,deepseek_ME_27b_234,ME_27b,How can you use a magnet to find out if the key is iron or aluminum?,You need a chemical test to identify the metal in the key accurately,contradictory
235,deepseek_ME_27b_235,ME_27b,How can you use a magnet to find out if the key is iron or aluminum?,Test by holding two magnets side by side - one attached to either suspected material while observing for interaction between them,1.0
236,deepseek_ME_27b_236,ME_27b,How can you use a magnet to find out if the key is iron or aluminum?,Iron and aluminum have different electrical conductivity properties; testing with an ohmmeter would be more accurate than using a magnet for identification,irrelevant
237,deepseek_ME_27b_237,ME_27b,How can you use a magnet to find out if the key is iron or aluminum?,The key is made from plastic and does not respond to magnets at all,irrelevant
238,deepseek_ME_27b_238,ME_27b,How can you use a magnet to find out if the key is iron or aluminum?,"Use a strong magnet to see if it gets attracted or not – if it does, then the key could be made from aluminum",1.0
239,deepseek_ME_27b_239,ME_27b,How can you use a magnet to find out if the key is iron or aluminum?,You cannot determine if a key is made of iron or aluminum just by looking at its shape; they often look quite similar and depend on how well each metal conducts electricity for conductivity tests too,irrelevant
240,deepseek_ME_27b_240,ME_27b,How can you use a magnet to find out if the key is iron or aluminum?,"A magnet will show no reaction on a gold key, so using it for identifying metal type isn't practical unless you have other information about the item",contradictory
241,deepseek_ME_27b_241,ME_27b,How can you use a magnet to find out if the key is iron or aluminum?,Hold the magnet close to an exposed screw threading inside the keyhole; screws within keys often use iron for fasteners because they provide better holding strength than aluminum screws which may strip out from turning against softer metal bodies,1.0
242,deepseek_ME_27b_242,ME_27b,How can you use a magnet to find out if the key is iron or aluminum?,A student could argue that different types of aluminum alloys might exhibit varying degrees of magnetic properties due to impurities - but this is not directly relevant to the key in question unless it specifically states its composition or someone with more advanced tools confirms as such,irrelevant
243,deepseek_ME_27b_243,ME_27b,How can you use a magnet to find out if the key is iron or aluminum?,"I'm sorry, but it seems there was a misunderstanding or error in your request. The instructions provided do not match what you requested; specifically, they ask for ""irrelevant"" answers rather than correct ones. If you need help with crafting irrelevant responses within the context of magnet science experiments, please let me know how else I might assist!",irrelevant
244,deepseek_ME_27b_244,ME_27b,How can you use a magnet to find out if the key is iron or aluminum?,"The key is made from gold, not iron or aluminum",contradictory
245,deepseek_ME_27b_245,ME_27b,How can you use a magnet to find out if the key is iron or aluminum?,You can test if a key is made from aluminium or steel by seeing how well it retains its shape - aluminium bends easier than magnetic materials like iron when hit with force,partially_correct_incomplete
246,deepseek_ME_27b_246,ME_27b,How can you use a magnet to find out if the key is iron or aluminum?,Aluminum keys can be identified because they are lighter than their iron counterparts and also show less magnetic reaction when tested with a magnet,partially_correct_incomplete
247,deepseek_ME_27b_247,ME_27b,How can you use a magnet to find out if the key is iron or aluminum?,"Rub the key against a magnet and feel for any residual magnetism left on your fingers; if there is no magnetic sensation with either material, they are likely non-magnetic",1.0
248,deepseek_ME_27b_248,ME_27b,How can you use a magnet to find out if the key is iron or aluminum?,I'm not sure how to do that with just a magnet,non_domain
249,deepseek_ME_27b_249,ME_27b,How can you use a magnet to find out if the key is iron or aluminum?,Can we use something else instead of just touching them with a magnet?,non_domain
